상품이름,상품단계,상품종류,공용남아여아
23매직컴포트썸머,2,밴드,여아
23매직컴포트썸머,3,밴드,남아
23매직컴포트썸머,4,밴드,여아
23매직컴포트썸머,5,밴드,공용
23매직컴포트썸머,3,팬티,여아
23매직컴포트썸머,4,팬티,여아
23매직컴포트썸머,5,팬티,공용
23매직컴포트썸머,6,팬티,공용
23매직컴포트썸머,7,팬티,남아
23네이처메이드썸머,2,밴드,공용
23네이처메이드썸머,3,밴드,남아
23네이처메이드썸머,4,밴드,공용
23네이처메이드썸머,5,밴드,여아
23네이처메이드썸머,2,팬티,남아
23네이처메이드썸머,3,팬티,여아
23네이처메이드썸머,4,팬티,여아
23네이처메이드썸머,5,팬티,공용
23네이처메이드썸머,6,팬티,남아
23네이처메이드썸머,7,팬티,공용
23매직컴포트,1,밴드,여아
23매직컴포트,2,밴드,공용
23매직컴포트,3,밴드,남아
23매직컴포트,4,밴드,여아
23매직컴포트,5,밴드,여아
23매직컴포트,3,팬티,남아
23매직컴포트,4,팬티,여아
23매직컴포트,5,팬티,공용
23매직컴포트,6,팬티,공용
23매직컴포트,7,팬티,남아
23맥스드라이,1,밴드,공용
23맥스드라이,2,밴드,여아
23맥스드라이,3,밴드,공용
23맥스드라이,4,밴드,공용
23맥스드라이,5,밴드,공용
23맥스드라이,6,밴드,공용
23맥스드라이,2,팬티,여아
23맥스드라이,3,팬티,공용
23맥스드라이,4,팬티,여아
23맥스드라이,5,팬티,남아
23맥스드라이,6,팬티,여아
23맥스드라이,7,팬티,공용
23네이처메이드,이른둥이,밴드,남아
23네이처메이드,1,밴드,공용
23네이처메이드,2,밴드,남아
23네이처메이드,3,밴드,남아
23네이처메이드,4,밴드,공용
23네이처메이드,5,밴드,공용
23네이처메이드,6,밴드,여아
23네이처메이드,2,팬티,여아
23네이처메이드,3,팬티,공용
23네이처메이드,4,팬티,남아
23네이처메이드,5,팬티,남아
23네이처메이드,6,팬티,공용
23네이처메이드,7,팬티,여아
22보송보송,2,밴드,여아
22보송보송,3,밴드,공용
22보송보송,4,밴드,공용
22보송보송,5,밴드,공용
22보송보송,4,팬티,공용
22보송보송,5,팬티,여아
22보송보송,6,팬티,남아
22보송보송,7,팬티,공용
23물놀이팬티,3,팬티,여아
23물놀이팬티,4,팬티,공용
23물놀이팬티,5,팬티,공용
23물놀이팬티,6,팬티,여아
네이처메이드오가닉코튼커버,1,밴드,여아
네이처메이드오가닉코튼커버,2,밴드,여아
네이처메이드오가닉코튼커버,3,밴드,남아
네이처메이드오가닉코튼커버,4,밴드,공용
네이처메이드오가닉코튼커버,2,팬티,여아
네이처메이드오가닉코튼커버,3,팬티,여아
네이처메이드오가닉코튼커버,4,팬티,남아
네이처메이드오가닉코튼커버,5,팬티,여아
네이처메이드오가닉코튼커버,6,팬티,공용
네이처메이드밤부,1,밴드,여아
네이처메이드밤부,2,밴드,남아
네이처메이드밤부,3,밴드,남아
네이처메이드밤부,4,밴드,여아
네이처메이드밤부,5,밴드,여아
네이처메이드밤부,3,팬티,공용
네이처메이드밤부,4,팬티,공용
네이처메이드밤부,5,팬티,남아
네이처메이드밤부,6,팬티,공용
21매직컴포트,1,밴드,여아
21매직컴포트,2,밴드,공용
21매직컴포트,3,밴드,공용
21매직컴포트,4,밴드,공용
21매직컴포트,5,밴드,여아
21매직컴포트,3,팬티,공용
21매직컴포트,4,팬티,공용
21매직컴포트,5,팬티,공용
21매직컴포트,6,팬티,여아
21매직컴포트,7,팬티,여아
21맥스드라이,1,밴드,공용
21맥스드라이,2,밴드,여아
21맥스드라이,3,밴드,남아
21맥스드라이,4,밴드,공용
21맥스드라이,5,밴드,여아
21맥스드라이,6,밴드,여아
21맥스드라이,2,팬티,남아
21맥스드라이,3,팬티,공용
21맥스드라이,4,팬티,남아
21맥스드라이,5,팬티,여아
21맥스드라이,6,팬티,남아
21맥스드라이,7,팬티,여아